subject,acc
a273wocs111dh0,0.6875
a3eqr9c0l23o6e,0.9166666666666667
ax8nxtt8qmghc,0.9166666666666666
